country,city,isActive,gender,birthDate,salary,hasChildren,familyStatus,registrationDate
Iraq,Marksburgh,false,female,1987-08-08,55571,true,single,2009-11-13
Ireland,Kulastown,true,female,1973-06-21,61746,false,divorced,1990-07-03
China,"East Mortimerstad",false,female,1996-01-29,133331,false,single,1982-06-10
Congo,Harveybury,true,male,1993-08-20,123778,false,married,1987-09-25
Hungary,Rennerchester,false,female,1985-05-05,51227,false,single,1993-05-01
"El Salvador","East Harold",true,male,1988-07-28,103120,false,single,2012-12-01
"Christmas Island","West Jordane",true,male,2001-03-08,132808,false,married,1998-11-14
"Trinidad and Tobago",Waelchimouth,false,male,1991-12-29,143780,true,single,2024-07-19
"Lao People's Democratic Republic",Corwinton,false,female,1986-12-16,96087,false,divorced,2010-03-19
Tanzania,Yundtville,false,male,1975-09-19,48065,false,single,1970-08-23
"Christmas Island",Maciechester,true,male,1972-09-26,54838,true,married,2021-03-12
Niger,Joyceton,true,male,2002-10-24,66132,true,single,2016-03-10
"Northern Mariana Islands",Brekketon,true,male,1993-06-23,54955,false,divorced,1996-01-09
France,"East Wilfrid",true,male,1997-11-03,39824,true,single,1988-02-08
Serbia,"Lake Dixie",true,male,1992-02-18,79579,false,divorced,1988-08-02
"Russian Federation",Fredside,false,female,1973-04-10,48187,true,single,2019-11-12
Croatia,"Lake Gianniborough",true,male,2004-03-19,82293,true,divorced,1989-03-27
Honduras,"West Humberto",true,female,1987-03-02,53865,true,divorced,2000-03-28
China,"West Dino",false,male,1990-08-23,85130,true,married,1986-02-22
"Cote d'Ivoire",Svenhaven,false,female,1980-03-13,109313,false,married,2016-04-09
Mayotte,"West Easter",true,female,2001-07-06,121408,false,single,2021-04-22
"Saint Martin",Okunevamouth,true,female,1992-05-05,40745,false,single,2016-11-17
Lesotho,Waltershire,true,male,1990-12-15,30485,false,divorced,1998-10-20
Guinea,Parisianberg,true,female,1980-09-25,109578,true,married,2010-10-21
Egypt,"South Eulaliaview",false,female,2004-05-17,69793,true,single,1990-11-13
"Netherlands Antilles",Garnetmouth,true,male,1981-11-21,37577,true,married,2011-09-17
"French Polynesia",Wisokyfurt,true,male,1997-03-21,33595,true,married,2021-03-19
Ecuador,"North Brookefurt",false,male,1981-03-14,89077,true,divorced,1987-10-14
Anguilla,"South Judgeborough",true,female,1985-12-06,70995,true,divorced,1999-11-27
Ecuador,Rosaliaberg,false,female,2004-04-29,48424,true,married,1982-01-18
Myanmar,"South Adonisborough",false,male,1993-03-10,115317,false,married,2006-06-10
"Trinidad and Tobago","East Elwyn",false,male,1988-01-07,112200,false,divorced,2019-04-21
Barbados,"New Gino",false,female,1979-12-10,96681,false,divorced,1983-03-18
Kenya,"South Ruthie",true,male,2004-05-08,65751,true,divorced,1993-09-10
Lithuania,Melodyview,true,male,1973-02-15,137803,false,single,1980-11-03
Peru,"South Cora",true,female,1984-10-03,63186,true,married,1981-05-09
Sweden,"Port Everetttown",true,female,1975-07-02,32696,false,divorced,1989-10-27
Denmark,"North Obie",false,female,1979-08-18,37938,true,divorced,2007-04-03
Afghanistan,Trentton,true,male,1973-08-26,135746,true,married,1973-10-15
Grenada,Andersonshire,false,female,1986-07-25,31460,true,single,1998-06-03
"Slovakia (Slovak Republic)","East Elliotside",true,male,1995-06-21,96275,false,married,1991-05-09
Malawi,"West Adelia",false,male,1976-05-16,30955,false,married,1994-09-04
Turkmenistan,"North Hildegard",false,female,1987-04-28,46067,true,single,1983-05-28
Cambodia,Corrineberg,true,female,1984-12-13,127578,false,single,1977-05-03
Belize,Gretchenside,true,male,1976-08-17,55617,true,married,2021-12-10
"Puerto Rico",Aprilside,true,female,1982-08-06,87458,true,divorced,1984-09-07
Tanzania,"North Gus",false,female,2000-08-15,67074,false,single,2013-06-21
Ethiopia,"Port Jordon",false,male,1996-08-31,48338,true,divorced,2010-09-04
"French Southern Territories",Zitaport,false,male,2000-07-18,80906,false,divorced,2021-09-26
Colombia,Kaylitown,true,male,1995-09-06,61297,true,divorced,1981-05-10
"British Virgin Islands","New Issacburgh",true,male,1985-06-09,75496,false,divorced,1995-01-18
"Syrian Arab Republic",Axelville,true,male,1974-12-09,48380,false,married,2008-07-06
Barbados,Onaton,false,male,1996-05-09,145832,false,single,2019-02-22
"British Virgin Islands","Lake Beaumouth",false,female,2003-10-15,135552,false,divorced,1977-02-25
Argentina,"East Gabriella",false,female,1982-09-26,111237,true,single,2022-10-12
"French Southern Territories","New Alessandro",false,male,1984-08-07,84429,true,divorced,1980-06-07
Australia,Francisview,false,male,1988-01-02,148932,false,single,1999-01-15
Azerbaijan,Vandervortchester,true,male,1973-12-19,142879,false,divorced,1971-09-01
"Saint Pierre and Miquelon","South Duane",false,female,1978-08-18,37792,true,single,1978-02-03
"Saint Martin",Langoshfurt,false,male,2004-11-19,106163,true,single,1972-08-27
Kazakhstan,Jarodland,false,male,1996-04-09,63672,false,divorced,1971-09-25
Bermuda,"West Linwood",false,male,1990-10-17,120892,false,single,2010-11-20
"New Zealand","Port Richard",true,male,1995-11-07,146127,false,married,2007-10-27
Eritrea,Pfefferfort,true,female,1987-07-03,68771,true,married,1975-11-15
"French Guiana",Bethelfurt,true,male,1979-03-29,90910,true,single,1974-07-19
"Sierra Leone","North Lavonneville",false,male,2003-09-30,34004,true,single,1995-07-04
"Solomon Islands",Myrnastad,false,male,2002-05-02,97298,false,married,1999-12-08
Guernsey,Hermanbury,true,female,1976-09-25,114480,false,single,2019-07-15
"Russian Federation","South Brittanyton",true,male,1979-01-19,127078,true,single,2021-02-03
Brazil,Mayertview,false,male,1995-11-16,115106,false,single,2002-03-07
"Bouvet Island (Bouvetoya)","New Rick",true,male,1970-07-28,40441,true,divorced,2004-02-06
"Holy See (Vatican City State)","North Vada",true,female,1986-07-02,66635,false,single,1998-01-25
"Cook Islands",Traceytown,false,male,1976-06-18,42326,true,divorced,1998-11-08
"Dominican Republic",Kertzmannside,true,female,1976-03-12,72143,true,married,1986-06-08
Ghana,"South Taya",false,male,2004-12-20,119691,false,divorced,2024-05-07
"Slovakia (Slovak Republic)",Bartholomechester,false,female,1971-09-13,30349,true,divorced,2004-07-01
Tunisia,Bereniceview,false,male,1993-09-05,116668,true,divorced,2013-09-05
Bolivia,Wintheisermouth,false,male,1989-10-07,144347,true,married,2013-10-15
Palau,Denishaven,true,male,1976-12-01,92285,true,divorced,1987-08-04
Malta,Selmerstad,false,male,1980-04-09,117184,true,married,2023-05-02
"Dominican Republic","New Edwinside",true,male,1983-12-24,49506,true,single,1978-04-05
"San Marino",Zackaryview,true,male,2004-10-24,52698,false,single,2001-01-04
Egypt,"West Leliaborough",false,female,1982-12-19,103331,true,divorced,2005-05-04
Belgium,"Lake Aida",true,male,1986-04-26,31647,true,single,1976-04-25
India,"Port Ryanton",false,male,1986-08-29,71580,true,divorced,1971-11-15
"Cook Islands",Kesslerland,true,female,1987-09-12,90918,true,married,2025-08-07
Lithuania,"New Dewittmouth",false,male,1980-08-11,111226,true,single,2011-02-07
Tonga,"Lake Jacquelyntown",false,male,1982-03-14,92150,false,single,2019-05-15
Mozambique,"East Danny",true,male,1997-08-03,55364,true,single,2018-11-07
Jamaica,"North Carli",true,male,1991-04-01,139911,false,single,1985-08-07
Jersey,Felipaton,true,female,1982-08-29,68623,true,single,1993-06-01
Sweden,Claudineport,true,male,1985-10-25,116196,true,divorced,1990-12-17
"British Virgin Islands","West Elise",false,male,1995-01-05,125791,false,single,2014-10-01
"Saint Vincent and the Grenadines",Gislasonborough,true,female,1973-08-13,129933,false,married,2002-07-29
Kenya,Magnoliaview,true,male,1983-06-11,114820,false,married,2004-06-10
Bermuda,McCulloughburgh,true,female,1988-05-11,87154,true,married,1990-08-18
Niue,Stiedemannchester,true,female,1989-05-20,137757,true,single,2014-08-07
Afghanistan,Blockmouth,false,female,1977-08-05,132971,true,divorced,1992-06-09
"Dominican Republic",Heidenreichmouth,false,male,1970-02-21,126219,true,single,1979-08-12
Bermuda,"Port Einar",true,male,1999-06-14,87998,false,married,1991-08-27
Korea,"South Peytonland",true,female,2001-01-25,60091,true,married,1976-03-14
Cambodia,"West Carmelbury",true,female,1985-04-11,65538,false,single,2003-06-02
Mauritius,"South Baronhaven",false,male,1987-07-11,39847,false,divorced,1973-11-05
Somalia,Eraville,true,male,1985-08-14,54802,true,married,2003-12-05
"Cape Verde","East Nicholaushaven",true,female,1972-08-14,115129,false,single,2010-04-27
"Christmas Island","South Woodrow",true,male,1986-12-22,50090,false,married,2007-05-16
Hungary,"Port Orin",true,female,1982-06-05,106245,true,married,1970-03-22
"Bosnia and Herzegovina","Lake Eusebio",false,female,1995-03-03,141106,false,divorced,2013-05-22
Gambia,Hudsonborough,true,female,1972-07-25,107505,false,married,1987-11-01
Eritrea,"New Minniechester",true,male,1982-12-26,82537,false,divorced,1978-09-11
Palau,"Port Shyanne",false,female,1998-03-04,78758,true,divorced,1981-06-20
Kuwait,"West Wainoville",false,female,1992-06-29,103619,false,single,1987-11-01
Poland,"North Warren",true,female,1976-01-15,131819,false,single,2008-08-15
Belarus,"Lake Vivianne",true,female,1976-07-17,45058,true,single,1971-03-24
"Svalbard & Jan Mayen Islands",Luluburgh,true,female,1993-03-31,65502,true,divorced,1999-11-02
"French Guiana",Elsaville,true,female,1970-09-17,90634,true,divorced,1998-12-23
"Saint Pierre and Miquelon",Bergnaumton,false,female,1988-12-30,103924,false,married,1999-11-19
"Czech Republic","Port Bennett",true,female,2003-07-26,144141,true,married,2012-11-01
Eritrea,"Lake Alview",false,male,2003-08-14,66170,false,divorced,2008-05-10
Mozambique,"West Treva",true,male,1986-04-07,33565,true,single,2020-07-26
Niue,Guidostad,false,female,2002-06-30,146432,false,divorced,2003-07-02
"Turks and Caicos Islands","South Karolann",false,female,1997-04-23,112878,false,married,2014-07-15
Senegal,Tillmanborough,false,female,2000-10-06,90330,false,married,1984-11-30
Portugal,"West Eldred",false,female,1998-02-04,54497,true,divorced,2017-02-15
Malaysia,Arvidmouth,true,female,2002-09-29,116862,true,married,1983-09-05
"Svalbard & Jan Mayen Islands",Kalliefort,true,male,1970-08-20,139391,true,single,2016-02-18
"Kyrgyz Republic","Port Stanley",false,male,2004-02-10,130816,false,divorced,1992-03-03
"Turks and Caicos Islands",Sengermouth,true,male,1974-03-27,105247,true,married,1992-09-13
Cuba,"West Dorrisfurt",true,female,1972-02-23,146660,true,married,2017-12-23
"Bouvet Island (Bouvetoya)","Lake Rudolph",false,female,1988-02-19,74524,false,divorced,2022-09-28
"United States of America","South Alycia",false,female,1981-02-04,112382,false,divorced,1992-03-30
Belize,"Lake Kacitown",true,female,1983-07-12,48648,true,divorced,1972-07-10
"British Indian Ocean Territory (Chagos Archipelago)","Port Reyna",false,female,1998-12-24,115099,false,divorced,2008-12-28
Spain,"Lake Eudora",true,male,1986-12-24,90144,true,divorced,2001-06-07
Mauritius,"North Carliehaven",false,male,1992-01-08,61940,false,divorced,1994-09-15
"Czech Republic","New Titusview",false,female,1974-06-14,127064,true,married,2023-12-14
"San Marino",Towneside,false,male,1992-08-11,67223,false,single,1974-10-08
"British Indian Ocean Territory (Chagos Archipelago)","North Newton",false,female,2003-11-20,143359,true,divorced,1970-01-26
"El Salvador",Stephanieberg,false,male,2002-05-01,62736,true,single,2001-01-10
Nauru,Koelpinton,true,female,1983-06-11,94822,false,divorced,2007-04-14
"Sao Tome and Principe","Port Elenoraborough",true,female,1983-10-01,83612,false,single,2025-12-26
Burundi,"Lake Percy",false,female,1989-05-10,139034,false,married,1993-07-06
Lebanon,Gladycehaven,false,female,1970-09-08,119383,false,married,2024-10-29
"Russian Federation","East Randiland",true,male,2001-03-06,141452,true,married,2020-03-07
"British Virgin Islands",Bartonland,true,male,1981-08-29,38010,false,married,2024-09-19
Niger,Loyalfort,false,female,1974-10-10,65308,false,married,1973-01-24
"United Arab Emirates","North Forestfort",true,male,1975-05-09,36238,false,married,1985-07-09
Cuba,"North Arielle",false,female,2001-01-30,38006,false,married,2013-04-21
Canada,"Lake Adrain",false,female,1990-10-04,103306,false,single,2015-01-09
Jamaica,"New Jarredside",true,female,2004-10-24,120794,true,married,2016-05-19
Lebanon,"South Gregory",false,female,1979-11-20,68075,false,single,2009-08-30
Senegal,Halvorsonside,true,male,1996-01-01,36723,true,single,1999-09-17
Taiwan,Buddychester,false,male,1972-04-03,82363,false,married,2022-10-22
Zambia,"New Katarinastad",true,female,2003-03-09,115587,true,divorced,2023-03-14
"Antigua and Barbuda","South Khalidbury",false,male,1995-05-28,114913,true,married,2020-02-11
"Western Sahara","North Gilda",false,female,1994-09-23,124425,false,divorced,1985-05-14
Timor-Leste,"West Dortha",true,female,1986-02-17,75055,false,divorced,1978-11-17
"Palestinian Territories",Kerlukeville,true,male,1988-11-26,57837,true,married,2025-12-28
Cyprus,"Port Janyhaven",true,female,2001-06-23,139853,false,single,2010-07-19
Bermuda,Bernieport,true,female,1985-07-25,32461,false,divorced,2001-11-03
Haiti,"New Presleyfurt",true,male,1985-02-20,86884,false,single,1972-06-15
Sudan,Adatown,true,female,1991-04-12,69259,true,single,1992-12-31
"Saint Vincent and the Grenadines",Zakaryhaven,false,female,1981-01-14,141852,false,married,1997-04-30
Tonga,"West Jaceburgh",false,female,1971-04-11,85308,false,married,1984-10-21
Namibia,Eduardoland,false,male,1993-04-03,55599,true,single,1991-08-06
Mongolia,"Lake Modesto",true,male,1997-10-14,122380,true,divorced,1981-04-29
"Lao People's Democratic Republic","East Pearlineland",false,female,1979-09-25,65184,true,single,2023-02-26
Mauritius,"New Yoshikoborough",true,female,2000-10-13,42604,true,single,1992-01-07
Mali,Arturoview,false,female,1984-12-04,118209,true,single,2009-05-09
Kenya,"Lake Emilianomouth",false,female,1989-10-26,64198,true,single,2007-09-27
"Syrian Arab Republic","South Carole",true,male,1983-07-02,32493,false,married,2018-08-28
Mauritania,"South Betteport",true,female,1979-04-09,69102,true,divorced,1971-11-10
"New Zealand","North Valentine",false,female,1991-03-24,143202,false,divorced,1979-06-09
Uzbekistan,"South Darrionberg",true,male,1978-03-04,65711,true,divorced,1973-09-14
Ecuador,"East Lucyton",false,male,1992-09-14,36435,false,divorced,1994-10-15
Seychelles,Dooleybury,false,female,2002-05-12,84498,false,married,1971-01-31
Belize,"Lake Clotildebury",true,female,1994-02-04,138835,true,divorced,1987-05-23
Uruguay,Silasport,false,female,1997-04-01,129669,true,married,1995-12-05
Brazil,"New Cary",true,male,1979-04-21,81688,true,single,2009-03-19
Poland,"Port Adrainmouth",false,male,1987-06-15,34441,false,married,2012-03-18
Venezuela,"West Monserrate",true,male,1993-10-30,39492,false,married,2023-12-31
Guadeloupe,"New Isaiburgh",false,female,1992-10-05,110937,false,married,1983-05-25
"Cocos (Keeling) Islands",Welchchester,true,female,1990-10-02,82914,true,single,1980-12-01
Eritrea,"West Archville",false,female,1976-01-02,113533,false,single,2022-07-13
"Equatorial Guinea",Reingerfurt,true,female,1980-08-11,33350,false,single,2022-01-17
Andorra,Sporerport,true,male,1979-02-06,142224,true,single,2005-04-15
Sudan,"Lake Shawnaton",true,male,1985-09-27,56279,false,married,1985-05-31
"Pitcairn Islands","North Estebanshire",true,female,1982-02-05,133683,false,divorced,2001-07-08
Nauru,Hershelbury,true,female,1978-03-12,143266,false,divorced,1991-01-08
Togo,Anjaliport,false,male,1976-03-20,139711,false,single,2014-02-26
Burundi,Kylieshire,true,female,1973-12-29,149244,true,divorced,1991-03-13
"Saint Vincent and the Grenadines","South Emilside",false,male,1989-02-04,31484,true,married,2023-05-24
"Cook Islands","North Yasmineshire",true,male,1999-07-23,71823,true,divorced,1989-12-08
Lithuania,Jastview,true,male,1977-09-20,31685,false,divorced,2025-03-24
Croatia,"South Tommie",true,male,1977-11-16,99442,false,single,1999-10-03
Brazil,Estefaniamouth,true,female,1984-09-16,108501,false,divorced,2007-02-07
"Libyan Arab Jamahiriya",Lednerborough,true,male,1970-04-27,110333,false,divorced,1972-08-01
"Christmas Island","New Kaitlin",true,female,1972-06-03,117934,false,divorced,1983-03-19
Comoros,"New Lynn",true,male,1986-09-07,133207,false,married,1980-06-04
Liechtenstein,Einoberg,true,female,1979-01-31,32941,false,divorced,2000-03-15
Anguilla,Leonortown,true,female,1984-03-19,119765,false,divorced,1985-04-01
Guernsey,Cadeshire,true,male,1971-08-18,141002,true,single,2004-12-13
"El Salvador",Wolfborough,false,female,1990-07-10,55191,false,married,2014-08-21
"Costa Rica","North Ottilie",true,female,1973-12-20,138091,false,divorced,2023-05-01
Turkey,"Lake Jadabury",true,male,2003-08-03,92705,true,married,1997-07-27
Vietnam,"Lake Vidalbury",true,male,1999-06-22,66725,true,married,1979-11-21
"Puerto Rico",Rennerside,false,female,1988-04-19,62765,false,married,1991-11-08
Greece,Dareborough,true,female,1993-04-11,116678,false,divorced,1988-03-18
Zimbabwe,"West Robbieborough",true,male,1982-11-28,119662,false,divorced,2000-02-04
Montserrat,"South Eusebiohaven",false,female,1978-10-08,92031,true,divorced,1978-07-19
"United Kingdom","South Brionna",true,female,2000-08-24,129508,false,single,2025-06-21
Sudan,Collierville,true,male,1992-09-27,140614,false,married,1978-10-27
Egypt,"North Gregghaven",false,female,1979-04-17,119259,true,married,2026-02-16
"United States Virgin Islands","West Westleyside",true,female,1978-02-28,59841,false,single,2018-05-17
Comoros,Unachester,true,male,1973-02-13,42169,false,divorced,1991-02-28
"Pitcairn Islands","South Leon",false,female,1974-12-07,136903,true,married,2025-02-05
"United States of America","North Alexys",true,female,1970-02-22,50903,true,divorced,2012-09-09
Ecuador,"Port Claudie",false,female,1985-06-22,132601,true,single,2011-09-23
Bhutan,"Port Elmoreville",false,male,1979-04-25,139369,false,single,2003-05-09
Latvia,Lysanneshire,true,female,2001-11-24,108036,false,married,2003-02-19
Poland,Santinafort,false,female,1986-01-20,75188,false,single,2025-06-15
Croatia,"Port Gordon",true,female,1997-09-10,56931,false,divorced,1987-01-08
Liberia,"Lake Zaneville",true,female,1991-03-25,58972,true,married,2022-10-08
Grenada,"East Madyson",true,female,1999-04-08,67429,false,married,1977-04-26
France,"South Thaliachester",true,female,1998-02-10,106939,true,single,2006-10-06
Paraguay,"West Brooklyn",false,male,1979-05-15,84834,false,married,2000-06-12
Iran,"New Jamarshire",true,male,1989-07-01,37119,false,single,1991-03-02
"Saint Barthelemy","West Jessyca",true,female,1975-06-30,136792,false,divorced,2001-06-23
Guinea,Louveniahaven,false,female,1982-01-04,145754,true,divorced,1970-06-04
Morocco,Rueckermouth,true,male,1987-07-17,102325,false,single,1970-08-01
Serbia,Cobyfurt,true,female,1978-02-19,142967,true,divorced,1994-01-16
Timor-Leste,"Port Frederiqueton",true,male,2002-06-12,59630,true,married,2002-06-17
"Svalbard & Jan Mayen Islands",Kaydenland,true,male,1978-01-14,91636,false,divorced,2007-05-26
Ukraine,Schummfort,true,female,1973-07-22,88822,false,married,1983-08-04
Ukraine,Jamieshire,false,female,2004-07-18,59843,false,divorced,2025-11-04
"Sri Lanka",Ethylbury,true,female,1997-09-28,56713,true,married,1997-11-07
Senegal,"Lake Nealburgh",true,female,2000-08-16,116278,true,divorced,1983-07-07
"New Caledonia",McCulloughville,true,male,1997-10-06,117389,false,single,1974-10-19
"Pitcairn Islands",Rodriguezfurt,false,female,1981-01-18,79781,false,married,2001-10-20
Bangladesh,Rathbury,false,male,1983-07-16,114757,false,married,1977-07-28
Comoros,Jaceyfurt,true,female,1976-05-29,122047,true,divorced,1996-04-12
China,Francoport,false,male,1979-04-16,95472,false,divorced,2007-05-28
Somalia,Armaniport,false,female,1970-12-23,104593,true,single,1996-03-06
Jamaica,Andrewbury,false,male,1972-04-08,44435,true,married,1996-09-01
"Norfolk Island",Denaburgh,false,male,1977-02-05,112121,true,single,1995-02-18
Chile,Brockland,false,male,1986-01-24,68606,false,single,2018-12-20
Guadeloupe,Felipechester,true,female,1971-07-09,120872,false,divorced,1995-05-02
Benin,"East Adrienne",false,female,1996-03-10,107806,true,single,2000-11-13
"Western Sahara",Aliamouth,true,male,1998-10-03,80363,false,single,1998-03-13
"Lao People's Democratic Republic",Marilynemouth,false,female,1987-02-16,101554,false,married,1976-07-19
Chile,"New Paris",false,male,1979-12-02,132904,true,married,1979-06-29
Honduras,"North Sadie",false,male,1982-05-15,67988,false,married,2020-05-18
Djibouti,"East Jimmiemouth",true,female,1986-02-26,69061,false,married,1981-09-24
Montserrat,Eugenemouth,true,female,1984-02-14,61240,false,divorced,1997-09-19
Gibraltar,Adeliaville,false,female,1986-04-04,87376,true,married,2020-09-05
Ukraine,Wunschport,false,male,1988-01-04,30043,true,single,2002-09-18
Guadeloupe,Toneyborough,true,male,1977-08-02,123189,false,married,1975-02-02
Madagascar,Halton,false,male,1989-09-14,132442,false,single,1977-10-19
Brazil,"Lake Arthurberg",true,male,1970-01-29,46609,false,divorced,2024-08-23
Bolivia,"West Marcelo",false,female,1990-04-28,39369,false,single,1970-11-15
Paraguay,"Lake Laurynburgh",false,female,2001-05-02,105993,false,married,2007-08-01
Timor-Leste,Lontown,false,female,1994-04-30,121379,true,married,2010-01-21
Canada,Marvinside,true,male,1989-04-10,46446,true,single,2009-11-07
Bahamas,Lauriannefort,false,male,2000-03-08,65792,true,married,1977-03-16
Madagascar,"North Olahaven",false,female,1971-07-14,113692,false,divorced,1978-08-12
Lesotho,"North Sebastian",false,female,1997-06-02,60256,true,single,2025-03-15
Mayotte,"Port Deionborough",false,male,1998-04-10,103282,true,married,2011-01-02
Georgia,"East Veldahaven",true,male,2004-08-30,72856,true,married,2004-11-14
Grenada,"South Santa",false,male,1981-11-27,118104,true,married,1982-08-11
Gibraltar,"New Bertrandton",false,male,1990-10-28,139940,true,married,2022-11-20
Ireland,"New Roseton",true,female,1971-12-26,30631,true,divorced,1980-01-17
"Sierra Leone","South Constance",true,male,1984-08-11,97344,true,married,2015-06-30
Gambia,"East Rachael",true,female,1973-06-09,70849,false,married,1983-12-29
"Central African Republic","Port Alf",false,female,1998-09-26,41854,true,married,2018-02-15
"Christmas Island",Nikolausberg,true,male,1984-10-30,124527,true,single,1973-09-05
"Solomon Islands","Port Alan",false,female,1995-03-02,101744,false,married,1999-07-24
Montserrat,"Lake Gage",false,male,1984-07-21,134288,false,divorced,1998-08-23
"Cote d'Ivoire","West Savannah",true,female,1970-03-06,128019,true,divorced,1985-12-08
"Faroe Islands","New Tina",false,female,1973-11-23,126424,true,single,1992-03-01
Bulgaria,Schowalterview,true,female,1998-06-02,133691,false,single,2015-10-04
Andorra,Paulineton,false,male,1970-03-13,115616,true,divorced,1976-09-29
"Antarctica (the territory South of 60 deg S)",Mannhaven,false,female,1983-04-19,66160,true,single,1979-07-14
Uruguay,Emelychester,false,female,1975-01-13,126173,true,married,2023-12-08
Djibouti,"North Julian",true,female,1994-01-14,103171,true,single,1971-09-13
"British Virgin Islands",Laronmouth,true,male,2003-12-14,89927,false,married,2024-10-08
Australia,"West Stacey",true,female,1981-10-27,133277,true,single,1975-09-01
"Saint Pierre and Miquelon",Mullerfurt,true,female,2002-09-06,109945,true,divorced,2002-12-24
Latvia,Bahringermouth,true,male,1991-05-28,72247,false,divorced,1975-02-02
Namibia,"Lake Mary",true,male,1989-07-30,141662,true,divorced,2019-06-09
"Northern Mariana Islands",Kreigerborough,false,female,1981-10-16,137209,true,married,1970-06-05
Senegal,Pfannerstillburgh,false,female,2001-04-05,131378,false,single,2003-12-20
Ukraine,"East Erna",true,male,1990-06-26,85345,false,single,1989-07-24
"Saint Vincent and the Grenadines",Herminioport,true,male,1978-03-10,112380,false,divorced,1986-09-16
Montenegro,"West Israel",true,male,1982-03-01,60050,false,divorced,2017-04-25
"Turks and Caicos Islands",Elijahstad,false,female,1978-12-14,46603,false,single,1994-07-15
Maldives,Andersonport,false,male,2004-01-18,33094,true,divorced,1983-01-29
Liberia,"East Bethany",false,female,1973-04-21,48709,true,married,2006-06-26
Mali,Beerview,false,female,1992-03-15,107666,false,married,1999-10-24
"French Polynesia","East Deontemouth",true,male,2004-04-20,95872,true,divorced,2024-06-21
Moldova,"New Wallaceborough",false,female,1992-08-14,142887,true,divorced,1978-09-03
Comoros,"West Tremaineview",true,female,1999-11-03,59101,true,single,2002-12-13
Canada,"West Carrollton",false,female,1972-03-16,110752,false,divorced,2023-02-09
Panama,"New Rupertland",true,male,1976-09-10,91165,true,married,1996-05-11
Peru,Lewistown,true,male,2003-10-21,111069,true,divorced,1977-08-07
Greenland,Greenholtborough,false,female,1993-11-12,104779,false,divorced,1976-01-31
Vietnam,Metztown,false,male,2001-02-12,93211,false,divorced,1981-02-08
"Marshall Islands","East Summer",false,male,1980-11-17,136842,true,married,1980-02-06
Canada,Casimerfort,true,male,1984-05-28,59086,true,divorced,2019-03-17
"French Guiana","South Bethel",false,female,1971-05-23,43254,false,married,2010-02-13
"United States of America",Gusfort,false,female,1996-06-07,96871,false,divorced,1982-04-10
Palau,Nilsborough,true,male,1989-05-28,108220,true,divorced,2014-02-26
Madagascar,Dooleymouth,false,female,1991-02-28,41079,true,married,2006-10-02
Gabon,"West Cullen",true,female,1983-12-15,55447,true,married,2018-07-17
Madagascar,Rickview,true,female,1975-05-21,106742,true,married,1984-09-16
Uzbekistan,"Lake Darrenbury",true,female,1980-07-04,52223,false,married,2010-03-28
Mali,"New Korey",true,female,1993-10-25,40761,false,single,2012-12-27
"Czech Republic","South Pierceland",false,male,1973-08-13,74203,true,divorced,2003-05-14
Israel,Kiehnburgh,true,female,1984-01-25,128418,true,married,2023-08-02
"Trinidad and Tobago",Brownberg,false,male,1981-04-05,139103,false,single,2022-03-23
Belize,Leifchester,true,female,1980-07-14,108965,true,married,2016-07-18
"Faroe Islands","Port Wendyland",true,female,2001-10-30,64292,false,single,2001-07-16
"Cayman Islands",Skylashire,false,female,1997-07-27,114915,false,married,2007-12-15
Belize,"West Delorestown",false,female,1975-12-03,73826,false,married,1999-04-08
"Central African Republic",Johathanfurt,false,male,1998-11-27,71188,false,married,2013-03-16
Mexico,Jackelineland,true,female,1970-10-29,59319,true,married,1989-04-28
Japan,"Port Loy",true,male,1985-08-03,46343,false,divorced,2016-08-26
Nigeria,Hudsonborough,false,male,1977-03-10,41334,false,married,2018-12-18
Reunion,Hoppeberg,true,male,1996-09-02,63842,true,single,1972-04-01
Croatia,"New Zitaland",true,male,1993-05-29,56272,true,married,1988-12-22
"Bouvet Island (Bouvetoya)","West Icie",true,male,1981-04-26,148995,false,divorced,2025-04-09
"Wallis and Futuna","South Russell",true,male,1997-09-03,81193,true,divorced,2015-06-04
"French Guiana","South Rowland",false,female,1994-07-19,99152,false,single,2004-01-09
Mayotte,Annemouth,true,male,1975-02-06,116741,true,married,2025-09-24
"Christmas Island","West Liliana",true,male,1986-03-15,116603,true,married,2003-02-25
Tajikistan,McLaughlinburgh,false,male,1993-02-06,66107,true,single,2013-06-09
"Saint Kitts and Nevis",Aliyahshire,false,female,1979-01-27,46546,false,single,1988-12-03
Germany,Harveyton,false,male,1986-07-19,109428,true,married,1982-02-05
Poland,"Port Lesley",true,male,1974-06-30,34602,true,married,1978-08-21
Hungary,"South Sheridanport",true,female,1985-02-07,58639,false,married,1983-07-18
Mexico,"North Parker",false,female,1981-07-14,98137,true,divorced,1978-08-13
Togo,"Lake Janport",true,male,1971-03-10,48990,true,single,1978-07-17
Mexico,"North Abrahamstad",true,male,1996-02-04,112323,true,single,2001-11-18
Montserrat,"North Therese",false,female,1998-03-28,40837,true,single,2022-07-05
"Papua New Guinea",O'Konfort,false,male,1975-04-02,53327,false,married,2020-08-25
Macedonia,Osinskichester,false,male,1973-02-28,53476,true,divorced,1975-08-12
Gambia,"North Wilmer",true,male,1991-03-31,141762,true,divorced,2025-05-20
Georgia,Wuckerttown,false,female,1977-07-20,55164,false,single,1995-09-29
Spain,Rachelleshire,true,male,1974-06-24,58221,false,married,1989-06-28
Nepal,Binsfort,false,male,1981-10-31,43222,true,single,1994-10-15
Bhutan,Westland,false,male,1980-07-13,116225,true,single,2015-06-01
"Isle of Man",Swaniawskifurt,false,female,1981-10-15,116131,false,divorced,2003-06-21
Montserrat,Aureliatown,false,female,1994-12-08,145531,false,single,2000-03-24
Guinea-Bissau,"New Rowland",false,male,1978-02-19,63864,false,divorced,1979-05-06
Venezuela,Ferryfort,true,male,1978-05-22,140408,false,divorced,1971-05-03
Bahrain,"New Germanhaven",true,male,1981-06-24,114768,true,married,2018-11-05
Nigeria,Shanystad,false,female,1973-11-25,79040,true,divorced,2022-03-13
"Syrian Arab Republic","South Glennaland",true,female,1984-05-17,64802,false,single,2018-07-09
"Wallis and Futuna","West Kitty",true,female,2003-07-01,112629,false,divorced,1982-03-15
Suriname,McGlynnshire,false,male,1979-08-16,105563,true,divorced,1999-10-13
"Netherlands Antilles","Port Blakeshire",true,female,1978-01-14,81770,true,single,1984-07-24
Cambodia,"Port Garth",true,male,1985-08-13,98922,true,single,1976-02-06
Micronesia,Flaviechester,true,male,1970-08-14,123028,true,married,1980-12-09
Niue,Devonport,true,female,1997-06-04,97137,false,divorced,1997-01-31
Belize,"New Loraineside",false,male,1989-11-25,45594,false,married,1987-02-21
Mongolia,"Lake Bailee",true,female,1983-01-08,121431,true,single,1994-01-19
India,Hartmannland,false,male,1978-01-20,67769,true,married,2024-11-27
Mongolia,"New Joaquin",true,female,1970-11-29,124194,true,married,1972-02-02
Eritrea,"Port Nigel",false,male,1983-01-09,35936,true,divorced,1970-11-23
Nicaragua,"West Trinity",true,male,1980-11-09,98336,false,married,2022-08-25
"French Polynesia","North Missouri",true,female,1989-10-23,115535,false,single,1979-06-20
"Russian Federation",Westport,false,female,1970-09-27,133777,true,married,1999-02-12
Singapore,Devynbury,true,male,1979-04-22,118083,false,single,1998-02-22
Guatemala,"Lake Aidan",true,male,1997-11-24,36552,false,married,2022-02-18
Singapore,Kovacekville,true,male,1973-02-13,91459,true,married,1972-04-21
Haiti,Kathlynland,true,female,1985-03-03,93722,true,single,1985-10-13
Ireland,Rosalindaville,true,male,1991-07-16,42510,true,divorced,2021-11-24
Jordan,Angelatown,false,female,1999-06-09,72170,true,married,1987-11-11
"Sri Lanka",Lennamouth,false,female,1972-11-02,115858,false,married,2019-04-17
Brazil,Mileshaven,true,male,1979-03-08,141929,true,single,1974-10-20
Nicaragua,"East Tyshawntown",true,male,1987-02-15,85048,true,married,1983-03-11
Greenland,Vickyhaven,true,female,1981-08-17,77098,false,married,2008-03-01
"United States Minor Outlying Islands","North Abigailborough",false,female,1990-12-11,142144,false,married,1993-01-28
Timor-Leste,Lorineport,true,male,1993-09-28,83764,true,married,1991-07-12
Benin,Katlynnshire,true,female,1993-10-28,60483,true,single,1984-08-13
Colombia,"South Quentinport",true,female,1994-10-01,62498,false,single,2000-04-18
"Cote d'Ivoire","New Jane",true,male,1978-07-23,125146,false,divorced,2009-03-25
Anguilla,"East Annabel",false,male,2004-09-10,98385,false,divorced,2025-05-14
Martinique,Karianemouth,false,female,1973-07-13,43955,true,divorced,2006-05-07
Albania,"South Allen",false,female,1978-04-20,134443,true,single,2016-12-24
"Saint Lucia","Port Genesis",false,female,2000-04-17,136830,false,married,1971-01-22
"Antarctica (the territory South of 60 deg S)",Gregfort,false,male,2002-04-25,134410,true,married,2020-02-12
"El Salvador","West Phyllis",false,male,1992-04-14,85994,false,single,1983-09-21
Benin,Jacobsonfort,true,male,1978-05-19,47457,true,married,1975-09-14
Bulgaria,"Port Angie",false,male,1979-09-15,101008,false,divorced,2012-10-23
"Netherlands Antilles",Sanfordshire,false,female,1993-03-28,118901,false,married,1981-03-05
"Puerto Rico","South Kamrenmouth",false,male,1972-04-02,96594,true,married,2017-03-16
Ecuador,Swaniawskichester,false,male,1975-06-02,51250,true,married,2019-01-24
"Czech Republic",Wayneburgh,true,male,1982-10-06,92135,false,divorced,1984-06-22
"Norfolk Island",Binschester,true,female,1986-12-03,125255,true,single,2012-03-15
"Heard Island and McDonald Islands","Lake Estelle",false,male,1974-07-14,95831,true,divorced,1975-06-18
Micronesia,VonRuedenmouth,false,male,1986-03-26,60174,true,single,2013-08-20
"Burkina Faso",Austenshire,false,female,1989-04-30,123562,true,divorced,2010-07-28
Palau,Morarview,true,male,1980-03-30,104419,false,single,1972-07-16
Guinea,Beerton,false,female,1974-12-30,76348,false,divorced,1988-03-12
"Dominican Republic",Elsiestad,false,female,1994-08-23,70935,false,married,2012-01-20
"United Arab Emirates",Grahambury,false,male,1991-12-25,46906,false,married,1970-06-07
"Syrian Arab Republic","Lake Jayceside",false,female,1974-05-10,31627,true,married,2004-01-27
"Trinidad and Tobago",Mablemouth,false,female,1997-08-18,49836,false,divorced,1980-05-18
Timor-Leste,Yadiraside,true,male,1975-01-09,36187,false,divorced,2025-07-15
Iceland,Huelside,true,female,2002-06-04,53443,true,divorced,2000-09-06
Austria,"West Katrinaport",false,female,1971-07-16,124185,true,single,1975-03-10
Bulgaria,Metaland,false,female,1972-12-18,32769,false,married,1973-09-05
Paraguay,"North Mariafort",false,male,1994-03-29,55893,false,divorced,2006-04-28
Algeria,"East Hanna",false,male,1976-08-23,44313,true,single,1982-04-09
Germany,"South Ivoryberg",true,male,1977-05-10,87736,true,married,1983-12-01
Yemen,"New Anastasia",true,male,1973-05-31,129996,false,divorced,1999-02-12
Austria,"West Kennybury",false,male,2004-10-19,72136,false,married,1985-01-06
Tunisia,Mohamedville,false,female,1984-02-10,143576,false,single,1989-10-04
Oman,"Port Mayeburgh",true,male,1992-03-23,127284,true,single,1978-06-01
Senegal,Trantowberg,false,female,1984-12-17,109182,true,single,1996-08-29
"Papua New Guinea",Clementinechester,false,male,1977-04-22,146028,false,married,2011-05-16
Guyana,Walterhaven,false,female,1992-10-02,33811,false,divorced,2002-01-30
"Cape Verde",Kuvalisbury,true,female,1975-02-10,89014,false,single,1997-07-20
Nicaragua,"New Marcia",true,female,1996-02-22,89169,false,divorced,2007-04-27
Chad,Roobside,false,male,1980-12-16,53441,false,married,1990-08-18
"Cape Verde",Hansentown,true,female,1978-10-15,145133,true,divorced,1992-02-26
"Kyrgyz Republic","Port Harrisonside",true,male,1996-08-30,118206,false,single,1975-07-01
Uzbekistan,"Lake Feltonburgh",false,male,1977-12-20,56402,true,married,1997-03-05
"Norfolk Island","Port Daron",true,male,1988-11-15,67167,false,divorced,2001-03-31
Tanzania,Swiftland,true,female,2003-01-25,116886,false,single,1992-10-18
Kenya,"West Nichole",false,male,1998-02-12,119087,false,single,1998-10-16
Indonesia,"New Preciousview",true,female,1999-12-30,122263,false,divorced,1995-01-10
Armenia,Domenickburgh,true,male,1975-12-21,120850,true,married,2024-06-11
Dominica,Friesenborough,false,female,1975-08-08,119666,false,divorced,1987-11-02
Reunion,"New Paulachester",false,female,2001-02-20,117690,true,single,1992-10-08
Spain,Parisianview,true,female,1999-08-10,39379,false,divorced,2003-09-23
Switzerland,Devenside,true,male,1977-01-17,110114,false,single,1982-03-23
"Antigua and Barbuda",Gradyfort,true,female,1978-02-21,92715,true,single,2018-11-30
"Brunei Darussalam",Deonville,true,female,1984-03-25,128771,true,divorced,2015-06-16
Benin,"West Michaelhaven",false,female,1977-07-20,107851,false,single,2015-07-12
Ecuador,Hermannstad,true,male,1970-10-28,85683,true,divorced,1988-02-13
Ecuador,Beerfort,false,female,1978-05-06,31821,false,single,2005-10-17
Hungary,"West Greta",true,female,1988-10-27,99493,true,married,2010-03-03
"Saint Helena","New Aurore",false,female,1991-11-17,98090,false,married,1995-04-14
"South Africa","North Josefinafort",true,male,1972-06-05,67418,false,divorced,2009-12-01
"United States Virgin Islands",Loweshire,false,male,1992-04-17,141235,false,married,2025-02-01
"Svalbard & Jan Mayen Islands","South Caliland",true,male,1977-02-18,70596,true,single,1975-06-12
Taiwan,Krishaven,false,male,1995-08-17,93872,false,single,2020-10-16
Bangladesh,"Lake Trebury",true,female,1973-12-18,85472,false,married,2009-11-14
Kazakhstan,Emilychester,false,male,1976-01-22,55862,true,married,1997-06-28
Bangladesh,"Port Nicolette",false,female,1978-05-25,119810,false,married,1984-04-16
Gibraltar,Roobport,true,female,1985-12-23,128307,false,divorced,1977-09-09
"Saudi Arabia","New Arvidshire",true,female,1982-05-19,72801,true,divorced,2006-08-10
"Russian Federation",Borerton,true,female,2003-12-02,73431,false,married,1993-06-08
"Libyan Arab Jamahiriya","West Okeyview",false,female,1975-09-04,124076,false,divorced,2013-04-24
"Saint Vincent and the Grenadines","North Penelopeville",false,female,1993-03-16,76295,true,married,1976-08-03
Bermuda,"West Kenna",false,female,1986-04-27,141584,true,single,2018-10-10
Anguilla,McDermottton,true,female,1992-01-29,137122,false,divorced,2024-05-02
Switzerland,Bethanyfurt,false,female,1981-04-27,132772,true,single,2022-01-09
"Saint Helena",Stiedemannmouth,false,male,1993-07-09,139952,false,single,2022-03-29
"British Virgin Islands","New Alanis",false,female,1982-07-24,116915,false,divorced,1992-02-06
Guinea,"South Dayneshire",true,female,1989-11-04,144000,false,single,2001-04-05
"United States of America","East Wadeside",false,female,1995-07-26,94218,true,divorced,2008-09-20
"Cocos (Keeling) Islands","North Jazlynfort",false,male,1990-10-06,74696,true,married,2020-06-25
Maldives,Maximilianview,false,male,1979-08-25,36928,false,single,2024-11-28
"French Polynesia",Katharinaborough,false,female,1977-08-27,78524,true,divorced,1985-11-07
Tunisia,"East Marlee",false,female,1988-03-17,53801,false,single,1997-11-11
"Kyrgyz Republic","Port Marlenfurt",true,female,1993-04-16,73824,true,single,2022-07-06
"South Georgia and the South Sandwich Islands",Wymanside,false,female,1980-11-29,128477,false,married,2015-05-22
"French Southern Territories","New Ian",false,male,2000-09-02,67605,true,married,2011-07-21
"Sao Tome and Principe","South Madelyn",false,female,1976-07-30,129735,true,single,2013-05-26
Bolivia,Runolfsdottirshire,true,female,1974-07-08,83771,false,married,2009-08-15
Iraq,Cummeratafort,false,male,2002-11-19,101628,false,single,1977-09-03
Egypt,"West Jarvisbury",false,female,1990-10-23,65984,true,married,1979-10-11
Australia,"Lake Vladimir",true,female,1980-08-12,85336,false,single,1989-01-31
Eritrea,Gulgowskiburgh,false,male,1977-07-14,131952,true,single,1974-05-08
Kenya,"West Crystel",false,male,1976-03-11,66524,true,divorced,2011-08-29
Burundi,Lexiborough,true,female,1996-10-18,122157,true,divorced,1998-11-03
Egypt,Herminaburgh,false,male,1982-07-25,62635,true,single,2001-05-03
Eritrea,Rippinport,true,female,1975-09-10,109762,false,divorced,2017-11-10
Taiwan,Gildaton,false,male,1979-11-07,145091,true,married,2000-11-05
Jersey,Herbertburgh,true,male,1970-02-03,105807,false,married,1974-01-11
"Solomon Islands",Milanport,true,male,1990-04-08,132241,true,married,2000-05-14
Gibraltar,"Lake Theron",false,female,1976-09-07,59412,true,married,1991-12-11
"Palestinian Territories",Abnerfurt,false,female,1981-04-17,111985,true,divorced,1990-02-13
Reunion,Greenland,true,male,1997-06-28,82716,false,married,2014-03-06
Jordan,Merlinmouth,false,male,1980-05-26,92174,true,married,1982-08-20
Taiwan,Jamarcusfurt,false,male,1977-11-26,121942,false,single,1972-01-01
"Bouvet Island (Bouvetoya)","North Trevermouth",false,female,1990-11-03,40522,false,married,2007-04-13
Bahrain,Framiborough,true,male,1983-08-16,32904,false,divorced,2018-06-26
"New Zealand",Guidoland,false,male,1997-07-10,50838,false,single,1982-09-14
Belgium,Laurianefurt,false,female,1975-09-06,36983,false,single,1999-04-27
Barbados,"East Demarcusfurt",false,male,1972-08-29,74786,true,married,1975-12-08
Japan,Handville,true,female,1981-08-21,84013,true,single,2014-12-08
Palau,"New Gerardo",false,male,1977-02-09,33056,true,married,1989-01-23
Guatemala,"West Maye",false,male,1978-11-12,38270,false,single,1989-01-20
"Lao People's Democratic Republic","West Jedediah",true,female,1984-08-31,73863,false,married,1996-01-02
Indonesia,Brakusmouth,true,male,1975-06-22,126665,true,single,1978-05-22
Bermuda,"New Breanna",false,female,1981-09-24,40833,false,married,1996-05-10
"Sierra Leone",Adellahaven,true,male,2002-03-22,89362,false,married,1970-01-22
Mayotte,Dannieport,false,female,2003-11-16,86104,true,single,1991-05-21
Mauritius,"South Destinyfort",false,male,1985-03-23,89188,false,divorced,2021-02-12
"Saint Vincent and the Grenadines","East Werner",true,female,2001-01-21,131425,true,divorced,1989-06-20
"Heard Island and McDonald Islands","Port Doug",false,male,1994-06-13,109568,false,single,1995-02-16
Netherlands,"North Fae",false,female,1986-04-12,44891,false,divorced,2006-06-29
Gambia,Waylonport,false,male,2001-11-17,73438,false,married,1985-04-11
Andorra,Auerland,false,female,1994-05-31,46434,true,married,1999-07-05
"Antigua and Barbuda",Karitown,true,female,1970-06-15,148891,false,divorced,2008-11-30
Iran,"New Jayceberg",false,male,1994-04-27,110394,false,divorced,1979-03-25
Gabon,"South Marvin",false,female,1999-07-30,76120,false,divorced,1974-03-06
"South Africa","West Hilmaburgh",true,male,1998-09-22,84362,false,divorced,1974-10-24
"French Polynesia",Elmochester,false,female,1989-08-21,141455,false,single,2018-11-11
Seychelles,"South Elliotport",true,female,1997-09-10,140632,false,married,1976-06-26
"New Zealand","Lake Loriborough",true,female,1990-05-20,97975,false,divorced,2019-07-09
Cyprus,"North Marlene",false,male,1987-02-05,45549,true,single,2010-05-08
Serbia,"East Treverville",false,female,1990-11-12,60772,true,married,1984-08-08
Spain,"New Doloreschester",true,female,1998-03-29,34623,true,married,1975-09-30
Ethiopia,Reggieport,true,male,1981-05-09,95054,false,divorced,2026-01-29
Comoros,"South Deangelo",false,female,1993-03-11,32645,true,married,1991-04-30
Congo,"New Jordyview",false,male,1987-11-08,142657,false,divorced,1980-05-31
"Wallis and Futuna","West Dariana",true,male,1995-03-13,95905,false,divorced,1993-10-20
"French Polynesia","South Ashly",false,female,1974-08-17,117068,false,divorced,1987-06-27
Morocco,"North Manleyville",false,male,2000-12-09,90958,false,divorced,1985-11-21
Armenia,Hermistonmouth,true,female,1999-04-19,58006,true,married,2020-09-17
Lesotho,Mekhifort,false,male,1996-03-23,129951,true,divorced,2022-11-11
Djibouti,"North Chynatown",false,female,1991-04-21,116723,false,divorced,1994-04-30
"Slovakia (Slovak Republic)",Caroleshire,true,male,1988-08-01,58744,false,divorced,1974-09-05
Samoa,"Lake Aniyatown",false,female,1977-08-01,67351,true,divorced,2009-06-10
Benin,Thielfort,false,female,1984-09-19,89604,false,married,2024-04-24
Austria,Vadafort,true,female,1996-03-07,139553,true,single,2002-04-21
Afghanistan,Marcellaland,false,female,1981-12-27,52871,true,divorced,1976-06-02
"Puerto Rico","South Elizaview",false,female,1991-06-17,90307,true,single,1978-07-10
"Slovakia (Slovak Republic)","New Faustoport",false,male,1977-11-25,136153,false,single,2014-07-19
Poland,"Lake Lera",false,male,1982-10-29,96714,false,divorced,1991-07-16
Maldives,"East Athena",true,male,1987-11-22,104026,false,divorced,2012-12-18
Lebanon,"Port Jefferey",false,male,1979-04-27,113071,false,married,1983-08-01
Netherlands,"East Caleb",false,female,1996-03-31,108918,true,single,2016-10-02
"Brunei Darussalam",Hertatown,false,male,1987-10-01,135398,true,single,2008-09-09
Tajikistan,"East Zeldaport",true,male,1995-11-09,88244,false,married,2013-04-21
Guyana,Pagacbury,false,male,1970-06-12,36802,true,married,2020-08-11
"Cocos (Keeling) Islands",DuBuquemouth,false,male,1972-01-25,76990,true,single,1974-10-12
Nicaragua,"South Reymundo",false,male,1988-06-10,139382,true,single,2023-01-29
Philippines,"Lake Roderickfurt",true,male,1993-04-11,109862,false,married,2004-12-31
"Cape Verde","Lake Judefurt",true,female,2001-12-22,101657,false,divorced,1972-11-16
Lesotho,"North Lawson",false,male,1999-09-12,71161,true,married,2006-01-29
India,Rocioberg,false,male,1995-11-08,47199,false,single,2008-01-03
Panama,Roobview,true,female,1982-02-23,67166,true,divorced,1977-04-12
Singapore,"New Arlie",true,female,1999-02-16,112509,true,married,1989-04-10
Spain,"New Ryanhaven",true,male,1985-11-17,90885,true,married,2014-10-21
Montserrat,Ortizport,false,female,1982-06-29,141385,true,divorced,1978-10-18
Switzerland,"New Nannie",false,male,1992-11-03,88314,true,divorced,2014-01-12
Bahamas,Burniceshire,true,female,1996-11-01,105054,true,married,1985-08-13
"Saint Barthelemy",Lulubury,false,female,2000-05-25,42589,true,single,2013-08-20
Cyprus,Herminiamouth,false,male,1973-10-31,124675,true,divorced,2020-12-02
Samoa,"East Ruthshire",false,female,1993-01-25,115150,true,married,1999-06-22
"Trinidad and Tobago",Aricshire,false,female,1995-03-13,130235,false,single,1987-02-04
Benin,Braunburgh,false,female,1971-10-13,137480,false,divorced,2015-09-19
Mali,"North Annetteborough",true,male,1974-07-29,40023,true,single,1972-03-04
"Wallis and Futuna",Elianebury,false,male,1988-01-01,95106,true,single,1997-03-27
Mayotte,"North Bonitaport",false,male,1982-07-09,55624,true,single,1999-06-11
"Libyan Arab Jamahiriya","South Beryl",true,female,1998-01-24,145432,true,single,2007-06-12
Hungary,"South Lydaport",false,male,1996-05-26,121754,true,married,2000-01-12
Vanuatu,Stokesmouth,true,male,1977-07-20,106516,false,divorced,2009-05-01
Paraguay,"South Otho",false,male,1993-04-08,43052,true,divorced,1975-06-30
Poland,"Lake Timmyburgh",true,female,1986-04-10,137299,false,married,2017-04-03
"Central African Republic",Dietrichton,false,female,1991-01-08,83417,true,divorced,2006-08-13
"Kyrgyz Republic","South Gia",false,female,1990-12-21,81029,false,married,2023-11-15
Uruguay,"New Therese",false,female,1980-05-23,138560,false,married,2015-11-21
Lebanon,"West Richard",true,male,1971-01-26,33932,true,married,1993-01-07
Madagascar,"West Briceburgh",true,male,1998-09-11,122409,true,married,2002-05-14
"Saint Barthelemy","East Selmerfurt",true,male,1976-09-06,72361,true,single,2022-05-14
Ecuador,"New Leonel",true,male,1994-02-19,98789,false,single,2011-03-23
Montenegro,Hettingerside,false,female,1981-06-18,95113,true,single,2010-01-05
Bolivia,Marcellusville,false,female,2002-09-19,124181,true,divorced,1991-10-09
"Czech Republic","North Bart",false,male,1992-07-26,140302,true,married,1974-10-19
Kenya,"East Clarabelle",true,male,1982-09-27,66692,true,divorced,2012-09-25
Eritrea,Gertrudeshire,false,female,1993-07-22,99909,false,single,2001-06-27
"United Kingdom",Jacintheland,false,male,1986-12-09,37745,false,married,1970-10-23
Macedonia,"South Rhianna",true,female,1978-10-28,45113,false,married,2013-03-18
"Heard Island and McDonald Islands",Velmamouth,false,female,1987-09-14,145526,false,single,1983-12-16
Mali,"South Dimitri",false,female,1987-10-07,94475,false,married,1983-10-13
"Libyan Arab Jamahiriya","Lake Wava",true,female,1994-06-21,81366,false,married,2024-04-27
Tuvalu,Balistreriside,false,female,1977-07-11,79147,false,divorced,1984-07-22
Samoa,"Lake Declan",false,female,1976-07-28,84048,true,married,1993-05-11
"United States Minor Outlying Islands","South Donnellville",false,male,1978-02-12,102107,false,married,1995-12-27
Timor-Leste,Carolannetown,true,female,1997-09-27,115281,false,single,2004-09-30
Montenegro,"East Pierce",true,female,1972-10-23,42095,false,single,1983-08-12
Taiwan,"Lake Adaville",false,male,1987-06-26,112957,false,divorced,1977-01-30
Venezuela,Dachhaven,true,male,1971-09-16,63382,false,divorced,1993-12-11
"New Zealand",Audreystad,true,male,1997-10-22,129921,false,single,1984-07-15
"Saint Pierre and Miquelon","West Martinastad",true,male,1998-11-11,128810,true,divorced,1976-01-15
"Saint Martin","Port Aurelia",false,female,1979-03-11,81382,true,married,2009-01-13
Guinea-Bissau,Brakusview,false,male,1995-06-03,44246,true,single,1999-06-04
Guam,"West Burdette",true,male,1999-10-06,55998,true,single,2025-03-03
"Saint Barthelemy","South Sophiaport",false,male,2001-10-14,137525,true,single,1975-01-16
Bulgaria,Amelieport,false,male,2003-12-08,121654,true,divorced,2011-02-15
Singapore,"South Issac",false,female,1987-12-27,134058,true,married,1998-08-10
Spain,"North Dee",true,male,1995-02-09,144084,false,single,2009-06-13
Vietnam,"New Adrienbury",false,female,1984-06-30,95112,true,divorced,2007-08-16
Senegal,Davionmouth,false,female,1987-10-28,41676,false,divorced,1977-09-17
"Cape Verde","West Austin",false,male,1989-10-10,88391,true,divorced,1988-06-30
Chile,"Lake Rosamond",true,male,1972-08-22,147486,false,divorced,2003-03-29
Ethiopia,Larkinmouth,false,female,1981-06-04,52186,true,divorced,2011-10-28
Barbados,"West Rainamouth",true,female,1989-02-21,118446,false,married,1970-02-16
"El Salvador","Lake Tianna",true,male,2004-11-18,75042,true,divorced,2002-09-03
Martinique,"Port Dorrismouth",false,female,1986-08-16,137246,true,single,2010-09-15
Pakistan,"West Quincymouth",true,male,1975-09-06,122063,false,married,1997-02-18
Senegal,Tiannaberg,false,male,2000-02-15,109839,true,married,1970-08-05
Guam,Jammiefort,false,female,1970-03-23,149373,true,married,1989-04-09
Somalia,Cheyennetown,false,male,2000-04-01,38968,true,single,1987-09-19
Azerbaijan,"Port Julia",true,female,2003-09-26,79707,true,married,1981-07-10
"United States Minor Outlying Islands","Port Joyceport",false,male,1972-03-14,131019,true,single,1992-01-18
"Bouvet Island (Bouvetoya)",Nicoport,false,female,1975-11-18,133587,false,divorced,2014-12-08
Algeria,Trevorburgh,false,male,1983-07-27,141657,true,married,1990-03-29
Fiji,"North Annettahaven",true,female,1996-01-11,60473,true,single,2015-06-02
Iran,"New Eastonton",false,male,2000-07-05,87469,true,divorced,2006-12-05
"Saint Barthelemy",Ramonachester,false,male,1977-08-29,88552,true,married,2012-08-13
Mayotte,Watersview,true,female,1997-03-25,96057,true,single,2015-06-19
China,Vonland,true,male,1990-10-10,67853,true,single,2016-10-19
"New Zealand",Gloverburgh,true,male,1971-03-06,38686,true,divorced,1992-07-03
Peru,Buckchester,true,male,2002-09-12,128514,true,married,2025-06-29
Jamaica,"West Aaronchester",true,male,2004-11-20,34741,true,married,1974-02-27
Eritrea,Dibbertville,true,male,1989-11-19,122634,false,divorced,1980-08-15
"South Georgia and the South Sandwich Islands","West Julietland",true,female,1999-02-23,107811,true,married,1991-01-15
Tokelau,"North Jasonfurt",false,female,1970-06-15,41879,true,single,2019-10-10
Algeria,"Port Heath",true,female,1981-12-30,100322,true,divorced,1980-09-21
"French Polynesia","Port Lindachester",true,female,1979-05-11,117279,false,divorced,1989-02-21
Guernsey,Blockside,true,male,2004-07-25,90829,false,married,1973-10-30
"United States Minor Outlying Islands",Llewellynstad,false,female,2000-12-29,92109,false,divorced,1986-03-18
Portugal,Hettingerland,false,female,1979-07-02,114435,false,divorced,1984-03-26
Moldova,Breitenbergmouth,false,female,1978-09-08,65214,false,single,2015-07-23
Montenegro,Flossiefurt,true,male,2001-10-20,90416,false,married,2013-07-20
Tanzania,Fayeshire,true,male,2001-09-12,110936,false,divorced,1981-05-29
Panama,"East Amelie",true,male,1974-11-11,64838,false,divorced,2007-08-25
Mongolia,Marvinside,false,male,2004-07-25,147195,false,divorced,1982-10-04
"San Marino","East Theresamouth",true,female,1970-10-15,68790,false,single,2016-02-06
Lebanon,Maurinebury,true,female,1982-12-12,64413,true,married,2012-11-02
"Netherlands Antilles","Lake Alvertashire",true,male,1992-01-01,87348,false,married,2014-05-19
"Netherlands Antilles",Wardland,true,male,1993-08-22,75484,false,divorced,1971-06-28
Zimbabwe,Metzport,true,male,1990-12-23,62578,false,single,2009-08-02
"French Guiana","New Eunaland",true,female,1972-11-14,50644,true,single,2002-04-23
Zimbabwe,Barrowsstad,false,male,1995-10-03,117001,false,divorced,1995-02-22
Burundi,Aprilhaven,false,male,1993-08-12,31858,true,married,1983-03-20
Nauru,Linneatown,false,female,2001-12-15,110231,false,single,2018-10-03
"Czech Republic",Patsyburgh,false,female,1979-11-11,58366,false,single,1987-06-03
Oman,Kundestad,true,male,1981-04-09,53991,true,single,1998-11-14
Palau,Huelsberg,true,male,1982-01-05,71032,false,married,2007-02-27
Macedonia,"North Orlandostad",true,male,1989-12-20,124001,false,single,2025-03-26
Malta,Marquardtstad,false,male,1991-06-29,82058,true,married,1982-02-14
Tanzania,Pascalebury,false,male,1970-02-21,91415,false,divorced,2002-10-30
"Hong Kong","South Silas",true,female,1995-12-14,71465,true,divorced,1976-11-01
Timor-Leste,Briafort,false,female,1996-05-10,108474,false,divorced,1991-02-16
"Costa Rica","New Maryam",false,male,1972-01-13,143723,false,divorced,1978-08-17
Mali,"West Trentland",true,male,1982-08-13,69079,false,divorced,1985-10-15
"San Marino",Jazlynburgh,true,male,1980-08-12,86586,true,married,2017-02-03
Zambia,"East Lincoln",false,male,1983-04-08,38115,false,divorced,2022-02-06
Mozambique,Kreigerville,false,male,1976-01-05,118154,true,divorced,2003-10-07
Kenya,Christiansenstad,true,female,1980-10-17,135164,true,married,1984-01-04
"United Kingdom","West Lornahaven",false,female,1998-09-26,128713,false,married,1978-10-20
Vietnam,Robelburgh,false,male,1988-04-13,133636,false,married,1970-05-28
Croatia,Marialand,false,female,1997-05-02,129185,true,married,1979-01-10
Tonga,"West Osvaldoborough",false,male,1990-03-15,83508,true,divorced,1981-04-24
Tuvalu,Penelopestad,false,male,1984-06-21,54798,false,single,1990-10-07
"Bouvet Island (Bouvetoya)",Adamstown,false,male,1989-10-16,65531,false,single,2005-01-18
Iraq,Julietport,false,male,1999-07-28,143677,false,single,1993-01-18
"Marshall Islands",Gloverfurt,false,female,2002-07-19,111137,true,single,2023-10-24
Kazakhstan,Kreigerport,false,female,1992-10-19,69766,true,single,1998-10-17
Monaco,Howardtown,true,male,1998-03-21,116134,false,divorced,2012-10-11
Latvia,"East Tyreeberg",true,female,1976-11-12,116155,false,married,2011-09-23
Botswana,"East Sofia",true,male,1999-03-25,91311,false,single,1998-03-01
Kuwait,"Lake Cordieburgh",false,male,1995-05-18,95255,true,divorced,1997-10-21
"Kyrgyz Republic",Alfredomouth,false,female,1987-09-30,84299,true,divorced,1980-05-12
"New Zealand",Gislasonmouth,true,male,1970-09-03,45468,false,divorced,2025-08-03
"Cocos (Keeling) Islands",Pablomouth,false,male,1983-07-16,73697,true,divorced,1991-04-15
Djibouti,"East Raymundoburgh",true,male,1998-08-22,101130,false,married,2019-08-25
Reunion,Spinkaview,false,female,1998-11-22,48746,true,single,2006-04-13
Netherlands,"East Hubertbury",false,male,1986-03-12,109340,false,divorced,1975-06-16
Nigeria,Brookemouth,false,male,1981-11-02,122748,true,single,2002-10-14
"Cayman Islands",Aniyahfort,true,female,1996-12-05,84214,false,divorced,2001-09-21
Gabon,Braxtonside,true,female,1997-12-22,62455,false,single,1981-03-25
Morocco,"Port Franco",true,male,1971-06-29,144737,false,divorced,1973-01-16
"United Kingdom","New Gussieport",false,female,1975-11-27,102940,false,divorced,2005-01-02
Algeria,Tillmanshire,true,female,1978-08-26,64062,true,married,1984-09-05
Greenland,Georgetteshire,false,male,1997-10-06,62124,true,married,1991-11-06
"Saint Lucia","West Glenna",true,male,1997-11-14,128411,true,married,2010-05-21
Madagascar,"Port Chaddburgh",false,male,1987-05-02,68033,true,single,1981-03-22
Iceland,"South Brigitte",true,male,1986-12-12,38961,false,divorced,2013-07-21
Ukraine,Johnston,false,male,1982-11-05,129299,false,single,1988-09-15
Macedonia,"North Erick",false,female,1997-11-12,97227,true,single,1991-02-04
Lesotho,"East Princess",true,female,1996-04-06,116008,true,single,2016-07-02
Madagascar,Veldaburgh,true,male,1975-11-24,115763,false,divorced,1974-07-26
Ukraine,Meggiefurt,false,male,1971-11-21,110317,true,divorced,2018-03-09
Argentina,Aureliechester,true,female,1977-09-07,38653,false,divorced,2006-08-11
Comoros,Erdmanville,false,female,1989-07-01,128213,false,single,1972-04-25
"Cote d'Ivoire","West Emiliano",false,male,1971-08-06,99813,false,single,2007-05-20
Kenya,"South Lemuelmouth",false,female,1973-04-22,143408,false,single,1987-02-11
Japan,"South Viola",false,male,1981-05-28,105826,true,single,1990-01-21
Malta,Hansenmouth,false,female,1976-02-26,105073,false,divorced,2018-05-27
Austria,Nikolasland,false,female,2001-11-12,45412,true,divorced,2008-10-19
Germany,Fridaburgh,true,male,1996-02-08,133946,false,married,1984-04-29
Ecuador,Corwinview,true,female,1970-07-07,126417,false,single,1994-07-31
Cyprus,Spinkaberg,true,female,1995-07-14,88045,true,divorced,2023-08-25
Croatia,Marjoriestad,true,female,2000-12-11,64012,false,married,2024-06-10
"Papua New Guinea",Erikland,true,male,1977-08-12,61059,true,divorced,2002-06-29
"Cocos (Keeling) Islands",Krajcikborough,true,female,1998-06-04,43634,false,single,2000-12-15
Canada,Ashleighside,true,male,1983-12-03,56382,false,single,1974-02-05
Grenada,Konopelskistad,false,male,1980-02-09,36069,true,married,1984-08-16
"Cape Verde","Port Jermain",false,female,1983-04-10,71063,false,single,1971-07-02
"Russian Federation","East Izaiahside",true,female,1993-02-16,123505,false,divorced,2020-06-06
Guinea,Prohaskaborough,false,male,1980-07-15,44456,true,divorced,1986-07-24
"British Indian Ocean Territory (Chagos Archipelago)","New Aidanburgh",true,male,1985-08-07,111333,false,single,1987-03-20
"Libyan Arab Jamahiriya","South Maudie",true,female,2004-02-18,85329,false,divorced,1992-10-17
Thailand,Chadburgh,true,female,1978-03-19,123288,true,married,1987-07-16
Myanmar,"East Hollisstad",false,male,1988-10-25,30923,true,divorced,2006-02-14
Peru,Oniehaven,true,male,1974-11-20,94073,false,single,2013-12-18
Honduras,"West Adah",true,female,1971-10-31,138723,true,single,1996-04-26
Burundi,"Lake Aylin",false,female,1977-03-22,54369,true,single,1983-11-15
Tuvalu,"North Ottis",false,male,1971-07-02,147095,true,divorced,2004-09-11
Austria,Kulasside,true,female,1983-06-30,89451,true,single,2007-12-29
Dominica,Orionhaven,false,female,1972-09-08,148912,false,married,1972-03-16
Mozambique,"New Eva",false,male,2001-05-06,99036,false,single,2010-07-22
Indonesia,"Port Vickytown",false,female,1996-11-28,137617,false,divorced,1972-12-21
Jordan,Kuhnton,false,female,1990-11-26,32681,true,married,1998-04-17
Poland,Jewellburgh,true,male,1970-07-06,141335,true,married,1999-02-04
"French Guiana","East Carolyne",true,male,1993-07-07,47693,false,single,1993-01-01
Palau,"Lake Caroline",false,male,1979-09-06,102885,false,single,1977-05-06
Japan,Kunzeburgh,true,male,1977-08-28,82429,false,single,1998-10-30
Fiji,"South Misael",true,male,1996-01-04,57385,false,married,1988-12-10
Vanuatu,Elroytown,true,male,1978-08-15,90335,true,single,2014-01-28
"Central African Republic","Port Elissa",false,female,1987-03-13,44594,false,single,1970-03-15
Indonesia,"Lake Xavier",true,female,1990-04-18,102877,false,single,2017-08-01
Sweden,"Port Alice",false,male,1978-05-11,48499,false,divorced,1978-02-22
"Dominican Republic",Verdamouth,false,female,1993-03-28,140927,false,divorced,1981-06-10
Grenada,"East Katarina",true,female,1990-07-14,142174,true,single,1984-12-31
Seychelles,"Port Roderick",true,female,1993-03-22,69537,false,divorced,1976-01-31
Botswana,Huldatown,false,male,1977-07-17,52371,true,single,2010-06-09
Georgia,"East Krystel",false,male,1998-01-05,39042,true,divorced,1985-10-25
Thailand,"Port Jeanette",false,female,1989-12-27,133463,true,divorced,2021-11-16
Vietnam,"Port Colleen",true,female,1993-11-03,53660,false,married,1973-10-28
Angola,"New Evelyn",false,male,1982-02-14,118189,true,divorced,2004-12-11
Madagascar,Ruthiemouth,true,male,1979-01-21,32930,false,single,2021-01-01
Cameroon,Bradtkeview,false,female,1987-01-26,82269,false,divorced,1991-08-28
Greenland,"South Mauricio",false,female,1983-06-10,82663,true,divorced,1975-10-26
"Palestinian Territories","New Mafalda",true,female,1993-11-21,87806,false,married,2020-07-03
Uruguay,Cecilberg,true,female,1983-10-06,120982,false,divorced,2013-02-09
"Syrian Arab Republic","Port Ovashire",false,female,1977-01-20,119167,true,divorced,1999-02-11
Estonia,"West Maryjaneport",true,female,1980-08-01,81486,true,single,2004-12-30
Guam,"New Emeliatown",false,male,1982-04-26,116659,false,divorced,1992-07-02
"Wallis and Futuna",Hamillshire,true,female,1978-08-24,58812,false,married,1987-07-19
"Saint Barthelemy",Felipaton,false,male,1992-03-09,125579,false,divorced,1977-12-02
Guinea,"New Rosemarieland",true,female,2003-04-25,36060,false,single,1992-09-19
Egypt,Wilmertown,false,female,1981-01-01,69600,true,divorced,1982-12-09
Gabon,"Lake Abigayleborough",true,female,1977-08-03,146576,true,single,1993-09-30
Algeria,"West Garthchester",true,female,1977-05-24,117208,false,divorced,2002-02-26
Togo,"West Fernando",true,female,1973-04-25,54851,false,divorced,2009-11-04
Micronesia,"South Caliville",true,male,2003-06-27,33074,true,divorced,2026-02-26
"South Africa","Port Anjalifurt",true,female,1983-12-08,65482,true,divorced,2001-11-18
Jersey,"North Darianhaven",true,male,1975-07-19,56632,false,single,2017-02-09
Vanuatu,"East Kaylah",false,female,1974-10-14,99700,false,single,1979-01-08
"Saint Lucia","East Deja",true,female,1981-05-16,81955,true,divorced,1985-04-21
"Heard Island and McDonald Islands",Bentonborough,true,male,1974-07-24,30546,true,divorced,1984-08-20
Montenegro,"East Kian",false,female,1978-01-29,41059,false,divorced,2007-12-28
"Cocos (Keeling) Islands","Lake Bethany",true,male,1988-02-09,123036,true,single,2006-05-04
Ecuador,"East Laurianneburgh",true,female,1974-03-23,120014,false,divorced,1987-01-20
"Western Sahara",Olsonmouth,true,male,1972-12-27,61160,false,married,2004-07-11
Ireland,Grahamside,false,male,1979-08-25,89567,false,married,1998-11-26
"Western Sahara",Dachborough,false,male,1999-02-03,82763,false,divorced,1986-06-06
Togo,"West Shermanside",true,male,1990-03-22,110777,false,divorced,2017-12-19
Hungary,Daleborough,true,female,1978-04-06,64625,false,married,2001-03-30
Brazil,Schimmelberg,false,male,1987-08-07,63251,true,divorced,1982-08-13
"Antarctica (the territory South of 60 deg S)","Port Brielletown",false,male,1991-12-28,64524,false,married,2021-01-26
Martinique,Stantonmouth,true,female,1987-09-21,139414,false,single,2009-04-08
"Antarctica (the territory South of 60 deg S)",Cobyhaven,true,female,1998-06-09,83549,true,married,1979-10-01
Argentina,"Port Jamison",true,male,1985-11-12,93515,true,married,2003-10-28
Bahamas,Schummbury,false,female,1990-08-16,121254,false,single,2025-07-10
Madagascar,Annamarieborough,true,female,1986-08-01,63829,true,single,1975-09-25
Bhutan,"New Sedrickside",false,male,2000-04-09,43442,false,married,1992-11-13
Algeria,"North Elenorastad",true,male,1983-05-29,138033,false,divorced,1979-08-25
"Papua New Guinea","Port Rodgermouth",true,female,1995-10-02,66312,false,married,1990-01-19
Pakistan,Bahringertown,false,female,1979-10-12,83050,false,divorced,2000-10-06
"British Virgin Islands",Jamarport,false,female,1995-12-12,81790,false,divorced,1984-07-24
Chad,"New Jonatan",false,female,1974-07-31,138133,false,single,1996-07-03
"French Guiana",Satterfieldmouth,false,male,1975-11-03,35595,false,divorced,1990-10-25
Ethiopia,"West Goldenchester",false,male,1989-11-09,122722,false,single,2022-05-18
Jamaica,"Lake Shaniamouth",true,female,1980-06-10,66691,true,married,2017-07-18
Australia,"Lake Adrianatown",false,female,1982-05-30,135667,true,divorced,1992-07-19
"Equatorial Guinea","West Cathy",false,female,1992-06-30,82412,true,divorced,2006-07-28
Armenia,"Port Jensentown",false,male,1979-05-12,132615,false,divorced,2008-08-21
Afghanistan,Janelleton,false,male,1997-06-09,124102,false,divorced,1981-04-21
"Cape Verde","New Retta",false,male,1975-10-25,42170,true,married,2001-01-24
"Heard Island and McDonald Islands","West Roslynton",true,male,2004-07-30,133202,false,married,2015-06-11
Ukraine,Mantefort,false,male,1989-12-02,145203,true,divorced,1977-08-13
"Syrian Arab Republic","West Isaiton",false,female,1975-08-09,94646,true,single,2003-04-20
Bahrain,"East Nathanialburgh",true,male,1979-04-22,87592,false,divorced,2024-09-21
Jersey,Jordyton,true,female,1972-10-18,105022,false,married,1988-01-13
Somalia,"South Kathleen",false,male,1972-11-13,45273,true,married,2011-05-31
"Burkina Faso","Port Bennett",true,female,1978-02-15,106792,true,married,1973-11-01
Jordan,Noemieville,true,female,1980-02-28,102503,false,married,1999-12-28
"Puerto Rico",Jacynthestad,true,female,1995-05-12,64241,false,single,2009-07-04
Morocco,"West Valentinaport",false,male,1976-06-11,85821,false,divorced,2018-01-09
"Cayman Islands","New Melvinaside",false,female,1999-02-09,71985,true,divorced,1994-12-31
Estonia,"South Dagmar",false,female,1982-10-31,140672,false,single,1973-07-05
"American Samoa",Christiansenhaven,false,male,1976-07-08,82599,false,divorced,1975-09-02
"Brunei Darussalam","Lake Laurianeberg",false,female,1973-05-15,40678,false,divorced,1985-01-04
"Equatorial Guinea",Feeneyville,false,male,2001-08-11,134210,false,divorced,1971-12-03
Tonga,"South Sophiatown",false,male,1988-09-18,147844,false,divorced,1997-12-04
Philippines,Merlinhaven,true,female,1998-11-27,142360,true,married,2002-08-25
Samoa,"East Mohamed",true,male,1991-01-28,77551,true,married,2022-01-19
"Saint Lucia","Port Jalenfort",false,male,1996-02-12,117189,true,married,2014-08-18
"Costa Rica","New Carmineburgh",true,male,1976-12-11,50994,false,married,1987-03-19
Bhutan,Eichmannmouth,false,female,1997-08-03,33892,false,divorced,2007-01-30
Samoa,"Lake Antone",true,male,1993-02-09,69892,true,single,1988-06-15
"Hong Kong",Kozeyland,false,female,1999-06-30,73058,false,divorced,2009-05-27
Egypt,Esperanzamouth,false,female,1995-03-29,41065,true,married,1977-09-13
Reunion,"South Leopold",true,male,1998-01-26,114778,true,married,1975-06-17
"Czech Republic",Kuhnfurt,true,female,1973-07-26,114150,true,single,1971-06-12
Congo,"East Oletamouth",false,female,1974-03-12,56954,true,married,1989-12-21
Benin,Reichelville,false,female,1996-02-10,45382,false,single,1979-02-16
"New Caledonia",Lemkeburgh,false,male,1996-05-26,142121,false,married,2005-12-21
"Palestinian Territories","New Major",true,female,1970-06-03,58436,false,divorced,2013-04-10
Liechtenstein,"Lake Aiyanaburgh",false,male,1973-05-14,68978,false,married,1977-05-24
"British Virgin Islands","East Faye",false,female,1992-09-30,110193,false,single,2014-09-20
Tokelau,"Lake Jerroldport",false,female,1996-07-05,98351,false,single,1979-06-27
"Kyrgyz Republic","Lake Verdiechester",true,male,1987-03-05,32434,true,single,1975-07-10
Azerbaijan,"New Ronny",false,male,1978-11-15,109011,false,single,1990-07-28
Ukraine,Baileeton,true,female,1979-11-06,116418,true,married,1975-10-30
Turkey,Jerdeshire,true,female,1999-12-24,42593,false,single,1983-11-30
Italy,Mistyland,true,male,1993-12-15,35843,false,single,1970-04-05
Burundi,"East Jacquelynshire",true,female,2004-02-21,128035,true,married,1977-04-29
Grenada,"North Arvel",true,male,1995-06-15,70596,true,single,2009-07-03
"Falkland Islands (Malvinas)","West Jordi",true,male,1997-04-01,66488,false,single,1985-08-22
Congo,"North Cristianview",true,female,2001-12-05,87051,false,married,1983-10-09
Philippines,"North Katherine",false,male,1985-01-08,121279,false,married,2004-09-11
Vietnam,"West Santinobury",true,female,1992-12-27,50680,true,married,2006-12-23
Palau,"West Pearlie",false,female,1986-07-11,50413,false,single,1989-06-06
Brazil,Nitzschefort,true,male,1989-03-19,59948,false,single,1973-03-07
Kazakhstan,Rosemaryville,false,female,1996-04-27,138014,true,single,2023-10-14
Kenya,"South Sonny",false,female,2001-01-23,59316,false,single,2012-03-01
Rwanda,Cedrickville,false,male,1972-05-02,33085,true,divorced,1982-05-20
Congo,Barbarachester,false,female,1991-11-09,146425,false,divorced,1984-04-17
Singapore,Armstrongstad,false,female,1997-01-31,68477,false,single,1981-11-27
Nauru,Morarborough,true,male,1978-09-01,56027,false,married,1995-12-10
"Hong Kong",Naderchester,true,male,1995-04-06,47018,true,married,2019-10-24
Moldova,"South Angelita",false,female,1971-10-13,138772,true,divorced,2015-06-09
Australia,"East Enochburgh",true,female,1972-08-22,116924,false,married,1993-07-21
"Cote d'Ivoire",Whitechester,true,male,1972-08-11,38852,false,single,2002-02-12
Bhutan,Arnulfofurt,false,female,1979-08-07,125417,false,divorced,1980-08-27
Germany,"South Milesmouth",false,male,1998-10-29,60677,false,married,2012-04-13
"French Guiana",Jedidiahborough,true,male,2003-12-31,36682,true,single,2008-02-15
Aruba,Rahulport,true,male,2002-06-24,81817,true,divorced,2020-01-25
Romania,"East Alfredo",true,female,1978-05-27,59099,false,single,1981-09-24
"Equatorial Guinea","East Darrionchester",false,male,1993-09-16,104018,true,single,2014-01-21
Bolivia,"West Rhianna",false,female,1997-04-02,108722,false,divorced,2003-04-11
Barbados,Greenfort,false,female,1974-09-28,68522,false,divorced,1976-08-05
Peru,"West Burnice",true,female,1999-11-17,126869,true,single,1974-04-30
Gabon,"Lake Freeman",false,male,1982-05-08,79077,true,divorced,1993-10-03
Portugal,Julesbury,false,male,1979-01-27,100669,true,divorced,1997-07-28
Guam,Franeckifurt,true,female,1970-10-19,82731,false,married,2000-06-11
Algeria,Cartwrightborough,false,male,1973-03-31,65237,true,married,1982-12-06
Paraguay,Manuelborough,true,male,1976-06-26,86017,true,divorced,2007-01-31
Italy,Raufort,false,female,1992-05-30,48328,true,married,2025-08-05
Liechtenstein,Karlimouth,false,female,1988-10-28,97468,true,divorced,2003-10-17
Reunion,Hegmannhaven,false,female,1988-06-15,146338,false,single,2011-09-27
Guadeloupe,"South Connorside",true,female,1970-11-05,46164,false,married,1979-11-23
Tuvalu,"North Noemy",true,male,1978-07-20,139187,false,married,2004-08-03
Yemen,Wisozkside,false,male,1995-07-11,85608,true,single,1989-02-08
Bangladesh,Schummtown,false,male,2002-08-09,40225,true,single,2004-03-23
Indonesia,Harveytown,true,female,1989-02-28,122815,false,single,1997-06-02
Angola,"West Dominicport",false,female,1990-03-02,67106,false,single,2017-05-07
Gabon,Kingfort,true,male,1990-12-05,41751,true,divorced,2000-10-28
"Sao Tome and Principe","New Antoinette",false,male,1973-08-02,119680,true,single,1996-01-27
"United States of America",Trantowside,true,female,1989-12-24,46169,false,single,2022-07-29
"Cocos (Keeling) Islands",Kendallville,false,female,1992-10-04,88033,false,married,1982-03-26
Taiwan,Maggioland,false,female,1991-12-23,101170,false,married,1984-08-03
"Antigua and Barbuda",Keshawnchester,false,male,1983-12-26,71916,false,single,1976-04-27
"Norfolk Island",Cruickshankview,false,male,1984-01-01,117821,false,married,2022-03-28
Kenya,"Lake Ulises",false,male,1989-11-23,143943,true,divorced,2007-02-22
Algeria,Clemenston,false,female,2003-09-08,97023,false,divorced,1994-09-23
Ukraine,"North Alexishaven",true,male,1993-06-05,59441,false,single,1984-05-09
Kiribati,Lehnermouth,false,female,1977-12-17,112176,true,single,2015-09-01
Senegal,Mauriciomouth,false,male,1983-09-15,40616,true,divorced,2002-01-01
"Falkland Islands (Malvinas)","Lake Abbigailshire",false,female,2001-02-11,43107,false,single,1974-06-17
Oman,Kaelynmouth,true,male,1971-12-11,137711,true,married,1976-08-25
Luxembourg,Colleenborough,true,female,1993-05-20,32556,false,married,1973-12-05
Dominica,"Lake Horace",false,male,1982-02-08,67888,true,single,1989-08-16
Moldova,Ashtonbury,true,female,1991-10-20,130557,true,single,1972-01-05
Albania,Nicolaschester,true,male,1998-07-11,84855,true,married,1983-10-06
Guinea-Bissau,Hanemouth,true,male,1976-11-03,79616,false,married,1993-03-26
Angola,Strosinshire,true,male,1980-09-09,66567,true,divorced,1996-02-11
Thailand,Bartellburgh,true,female,1972-05-25,69335,false,married,1987-07-13
"Faroe Islands","Lake Alfredaville",true,female,1971-01-02,83000,true,married,2022-12-21
"British Virgin Islands","North Gunnar",true,male,1984-06-15,37047,false,married,1982-02-15
"Turks and Caicos Islands","South Janis",true,male,2003-06-06,139215,true,divorced,2021-09-30
Macao,Estefaniaport,true,female,2004-12-09,120621,false,divorced,1983-07-21
Estonia,"New Lawsonland",true,male,1997-05-10,82331,false,divorced,1997-12-11
"Pitcairn Islands",Octaviaville,true,female,1982-12-07,30408,true,married,1988-02-29
"Saint Lucia",Robelmouth,false,female,1995-01-30,34906,false,divorced,1990-10-04
"Russian Federation",Beershire,false,male,1989-05-28,119768,true,single,2025-06-21
Mauritius,Wolffshire,true,female,1983-09-15,66726,true,married,2006-08-12
"Pitcairn Islands","North Bobbyville",true,male,1999-07-12,141605,true,divorced,1987-11-18
Azerbaijan,Leramouth,false,male,1997-01-27,53625,true,married,2025-10-05
Gibraltar,Elainaville,false,male,1989-07-10,53976,false,divorced,1983-07-29
Pakistan,Jackyfurt,false,female,1990-06-20,46290,true,single,1985-12-28
"Kyrgyz Republic",Alisonhaven,true,female,1999-10-19,138068,true,single,1997-08-20
"Puerto Rico",Baileyfort,false,female,1984-11-24,86799,false,divorced,1980-03-15
"Libyan Arab Jamahiriya","New Victoria",false,female,1971-02-13,48421,true,divorced,1975-11-15
Macedonia,"Port Jovantown",false,female,1975-12-25,144005,true,single,1985-12-03
"British Virgin Islands","New Ramiro",false,male,1993-10-22,112060,true,married,2003-11-02
"Libyan Arab Jamahiriya",Jacobsstad,false,female,1971-08-15,37578,true,divorced,2020-10-13
"Netherlands Antilles",Gorczanyburgh,false,male,1972-08-17,143801,false,married,1997-10-31
Eritrea,Rebecaview,true,female,1978-01-24,135384,false,single,1985-10-20
Myanmar,"New Damonstad",false,male,1990-05-23,125618,false,married,2005-12-03
"Dominican Republic","South Leonbury",false,female,1990-04-22,45850,false,single,2007-12-08
Estonia,Streichhaven,false,female,1981-06-08,32969,true,married,1983-10-17
"British Indian Ocean Territory (Chagos Archipelago)",Rubieside,false,female,1994-07-12,35727,true,married,1988-12-15
"Svalbard & Jan Mayen Islands","East Annabel",true,male,1973-01-03,143069,false,divorced,2016-09-10
Paraguay,"South Nils",true,male,1977-07-23,35820,false,divorced,1988-04-11
Paraguay,"New Keira",true,female,1981-02-04,85664,false,married,1971-02-08
Azerbaijan,Powlowskiport,true,male,1985-08-14,49859,true,married,1992-10-30
"Saint Helena",Bashirianchester,false,male,1986-03-05,84586,false,single,1997-02-07
Egypt,"West Odessachester",true,male,1987-04-12,73840,false,single,2006-09-10
"Saint Barthelemy","South Aileenchester",false,female,1994-05-20,146791,true,divorced,2017-01-21
Gabon,Abshirechester,false,male,1985-07-07,62450,true,divorced,1999-07-14
"Bouvet Island (Bouvetoya)","Lake Ceasar",false,female,1990-04-14,57134,false,divorced,2010-01-02
Monaco,Kutchland,true,male,1983-08-24,96332,true,divorced,1990-03-15
Swaziland,"Port Maureenborough",true,male,1975-04-08,64381,true,single,1983-08-01
Togo,Lambertport,false,female,1997-08-02,87664,false,divorced,1996-03-21
Dominica,Clydefurt,true,female,1979-07-11,118734,false,divorced,2014-02-02
Iran,Corwinport,false,male,1971-03-08,142731,false,divorced,2012-05-02
Zimbabwe,Kerlukemouth,false,female,1971-12-29,80451,false,divorced,1975-04-06
Greece,Morissetteborough,true,female,2002-08-25,81640,true,married,2008-07-10
Liechtenstein,Lucasburgh,true,female,1989-08-24,119151,true,divorced,1974-12-17
"Sri Lanka",Edmondside,false,female,1991-01-11,70743,false,divorced,2009-03-02
Moldova,"South Mckenzie",false,female,1988-03-19,89940,false,single,2016-10-29
"Pitcairn Islands","New Maxine",true,male,1991-03-09,88850,true,married,2018-06-30
Iceland,Robynport,true,male,1985-07-28,83692,false,married,1972-01-08
Kazakhstan,Faheymouth,false,female,1999-07-05,113100,false,married,1994-12-03
Uzbekistan,"West Elna",false,male,1977-09-01,70422,true,married,2009-01-10
France,Ziemeshire,true,female,1974-11-17,136119,true,divorced,2021-08-06
Tajikistan,Boscobury,true,female,2004-06-01,130175,false,married,1986-09-16
"El Salvador","South Darioberg",false,male,1988-09-15,48262,false,married,1982-08-26
Mayotte,"West Wendellborough",false,male,1981-01-10,31939,false,married,2020-10-31
"French Polynesia","West Gwen",false,female,1985-05-29,109681,true,divorced,1996-03-26
Fiji,"East Malindamouth",true,male,1971-12-15,117646,true,married,1985-11-30
"Cote d'Ivoire","East Evie",true,male,1991-02-13,83535,false,married,1993-10-15
"San Marino",Skilesborough,false,female,1987-01-06,36315,true,single,2015-10-29
"Antarctica (the territory South of 60 deg S)",Kaitlynstad,false,female,2002-02-13,92746,false,single,2025-06-08
Albania,"North Ashtynmouth",false,female,1976-10-14,102333,false,divorced,1972-03-24
Honduras,Earnestineborough,false,female,2004-11-03,135219,true,married,2001-03-19
"United States Virgin Islands","New Ella",false,female,1971-05-25,62947,true,married,2011-10-22
"Christmas Island",Einostad,false,male,1975-02-24,55262,true,married,2001-06-26
Japan,"New Mohamedfurt",true,male,1981-04-23,138383,true,divorced,2026-01-19
Ireland,Coraliestad,false,male,1983-02-07,95452,true,married,2016-11-06
Denmark,"Port Trisha",true,male,1996-02-17,34652,true,married,2017-03-11
"Kyrgyz Republic",Niaside,false,male,1999-10-16,65580,true,married,2014-08-25
China,Bergnaummouth,true,male,2000-04-03,104527,false,divorced,1994-03-14
Bhutan,"Lake Brennan",false,male,1989-12-25,48167,false,single,1990-08-24
"South Georgia and the South Sandwich Islands","South Paolo",false,female,2002-10-12,110479,true,divorced,1971-06-06
Ireland,"New Annette",false,female,1998-07-16,75046,false,single,1978-05-20
"French Polynesia",Brendonchester,true,female,1979-07-08,43696,false,divorced,1997-08-22
Kuwait,"Lake Jackson",true,male,1992-05-05,46975,false,divorced,1998-06-19
"Papua New Guinea","East Nicoletteshire",true,female,1977-12-07,75385,true,single,1970-02-21
Uruguay,"West Anastasia",true,female,2000-10-03,79816,false,married,2024-03-26
"Western Sahara","West Turnertown",false,male,1998-12-25,44245,true,divorced,1973-08-02
"Bosnia and Herzegovina","East Pierre",true,male,1982-07-26,66744,true,divorced,1981-08-28
Peru,Jennyfertown,true,female,1993-01-29,83032,false,divorced,1972-10-11
"Czech Republic","North Lucinda",true,male,2003-10-23,122820,true,divorced,2020-05-31
"Saint Martin","West Blake",true,female,1997-11-11,50901,true,married,1971-01-29
Angola,Schmittside,false,male,1999-11-11,46622,true,married,1971-11-04
Timor-Leste,"West Cheyanne",false,female,1981-10-15,114258,false,married,1983-09-07
"Wallis and Futuna","East Jaceville",false,male,1988-07-16,33289,true,single,1982-12-07
Yemen,Weimannview,true,female,1991-06-16,127967,false,married,1974-09-01
Paraguay,Miafort,true,male,1978-01-21,41493,false,divorced,1983-02-21
Austria,"Port Krystalmouth",false,male,1996-03-06,120342,false,married,1988-09-19
Belarus,"West Maybelleview",true,female,2003-08-15,40801,false,single,2012-04-12
Nigeria,"West Syble",true,male,1981-02-09,117422,false,divorced,2001-05-02
"Papua New Guinea","West Thoraville",true,male,1999-05-26,103480,false,married,2007-05-14
Kuwait,Troyview,false,female,1986-11-19,30000,false,married,1995-02-11
Kazakhstan,"Lake Cristal",true,male,1981-02-16,36751,true,divorced,1990-06-03
"South Georgia and the South Sandwich Islands","West Elza",true,female,1990-04-27,57830,false,married,1975-08-26
Chad,"North Anne",true,male,1991-05-29,124782,true,married,2013-01-07
Paraguay,Camilaland,true,female,2002-11-25,46657,false,married,1995-06-10
Madagascar,"New Jerodland",true,male,1985-11-30,79166,true,divorced,1988-10-21
Macao,Yvetteland,false,male,1987-12-26,112208,true,married,1978-07-31
Guinea-Bissau,Blancheberg,false,male,1993-04-26,102941,true,divorced,1990-07-07
"Cook Islands","Lake Lenora",false,male,1973-04-21,70998,true,married,1998-08-26
"Wallis and Futuna",O'Keefeport,true,female,1978-02-01,112392,true,divorced,2017-06-11
Benin,"Port Wendell",false,female,2000-08-05,61106,true,divorced,1977-03-23
Canada,Ullrichborough,true,female,1975-03-26,75167,false,married,2009-12-09
"Saint Kitts and Nevis","New Henri",true,female,1971-04-21,148886,true,married,2024-07-07
Cuba,"Lake Orlando",true,female,1975-05-20,116871,false,divorced,1983-02-24
"Papua New Guinea",Roseton,false,male,2001-01-18,72395,false,single,1973-02-07
Turkmenistan,Altenwerthport,true,female,1993-09-04,77140,false,married,1972-03-23
"Cocos (Keeling) Islands","New Jazmin",true,female,1993-05-27,57940,false,married,1985-02-14
"Bouvet Island (Bouvetoya)","New Pattiemouth",false,female,1998-11-20,83522,false,divorced,1976-03-10
Uzbekistan,"New Marjory",false,female,1996-10-08,107644,true,married,2005-07-15
"El Salvador","Lake Keanu",true,female,1988-02-06,123514,true,single,2014-10-08
Samoa,"West Sadyeview",false,male,1977-11-28,146892,true,single,2011-03-19
Mongolia,Gibsonborough,true,female,1995-01-26,149116,true,married,2023-01-08
"British Virgin Islands","North Delfina",false,male,1994-02-14,82650,true,divorced,1996-06-30
